id,conversation_id,created_at,date,time,timezone,user_id,username,name,place,tweet,mentions,urls,photos,replies_count,retweets_count,likes_count,hashtags,cashtags,link,retweet,quote_url,video,near,geo,source,user_rt_id,user_rt,retweet_id,reply_to,retweet_date,translate,trans_src,trans_dest
1229186333639368705,1229185912824901634,1581895833000,2020-02-16,20:30:33,Hora oficial do Brasil,859377466544205824,profbzh29,petitprofencolere/Bruno LE COZ,,"#FuckNews , sa langue a fourch√©ü§ì",['pittbull_grrr'],[],[],0,0,0,['#fucknews'],[],https://twitter.com/profbzh29/status/1229186333639368705,False,,0,,,,,,,"[{'user_id': '859377466544205824', 'username': 'profbzh29'}, {'user_id': '250570591', 'username': 'pittbull_grrr'}]",,,,
1229176466769940480,1229176466769940480,1581893481000,2020-02-16,19:51:21,Hora oficial do Brasil,561992546,pierre_1er,Pierre 1er,,"Il se trompe : c'est une #FuckNews, pas une #FakeNews. https://twitter.com/LCI/status/1229003818039480326¬†‚Ä¶",[],['https://twitter.com/LCI/status/1229003818039480326'],[],0,1,5,"['#fucknews', '#fakenews']",[],https://twitter.com/pierre_1er/status/1229176466769940480,False,https://twitter.com/LCI/status/1229003818039480326,0,,,,,,,"[{'user_id': '561992546', 'username': 'pierre_1er'}]",,,,
1229054041730289665,1229052870923898880,1581864292000,2020-02-16,11:44:52,Hora oficial do Brasil,1216136798054895617,layn19257280,Al‚ÄîLayn,,"En serio alguien cree en estas pelotudeces ,#FuckNews","['karlytintalle', 'evoespueblo']",[],[],2,0,3,['#fucknews'],[],https://twitter.com/Layn19257280/status/1229054041730289665,False,,0,,,,,,,"[{'user_id': '1216136798054895617', 'username': 'Layn19257280'}, {'user_id': '1193913809443991552', 'username': 'KarlyTintalle'}, {'user_id': '720786569792253952', 'username': 'evoespueblo'}]",,,,
1228754415793799169,1228754415793799169,1581792856000,2020-02-15,15:54:16,Hora oficial do Brasil,801458759918751746,kyobangkokuha,‡∏£‡∏±‡∏Å‡πÄ‡∏ò‡∏≠‡∏õ‡∏£‡∏∞‡πÄ‡∏ó‡∏®‡πÑ‡∏ó‡∏¢LoveThailand,,"üòÅ‡∏≠‡∏¥‡πÜ #‡∏™‡∏ß‡∏∞
#‡∏õ‡∏•‡∏ß‡∏Å‡∏ô‡∏£‡∏Å
#‡πÄ‡∏•‡∏ß #‡∏´‡∏ô‡∏±‡∏Å‡πÅ‡∏ú‡πà‡∏ô‡∏î‡∏¥‡∏ô
#‡∏õ‡∏£‡∏∞‡πÄ‡∏ó‡∏®‡∏Å‡∏π‡∏°‡∏µ‡∏û‡∏ß‡∏Å‡∏´‡∏ô‡∏±‡∏Å‡πÅ‡∏ú‡πà‡∏ô‡∏î‡∏¥‡∏ô
#‡∏¢‡∏∏‡∏ö‡∏û‡∏£‡∏£‡∏Ñ‡∏≠‡∏ô‡∏≤‡∏Ñ‡∏ï‡πÉ‡∏´‡∏°‡πà‡πÄ‡∏ñ‡∏≠‡∏∞‡∏à‡∏∞‡πÑ‡∏î‡πâ‡πÑ‡∏°‡πà‡πÄ‡∏õ‡πá‡∏ô‡∏°‡∏•‡∏†‡∏≤‡∏ß‡∏∞‡∏Ç‡∏≠‡∏á‡∏ä‡∏≤‡∏ï‡∏¥
#‡∏¢‡∏∏‡∏ö‡∏û‡∏£‡∏£‡∏Ñ‡∏≠‡∏ô‡∏≤‡∏Ñ‡∏ï‡πÉ‡∏´‡∏°‡πà ‡πÄ‡∏´‡∏£‡∏≠?2475‡πÄ‡∏ñ‡∏≠‡∏∞
#‡∏≠‡∏ô‡∏≤‡∏Ñ‡∏ï‡πÉ‡∏´‡∏°‡πà‡πÄ‡∏´‡∏£‡∏≠2475
#‡∏ä‡∏±‡∏á‡∏ä‡∏≤‡∏ï‡∏¥
#‡∏ù‡πà‡∏≤‡∏¢‡∏Ñ‡πâ‡∏≤‡∏ô‡πÄ‡∏Æ‡∏á‡∏ã‡∏ß‡∏¢
#‡∏ù‡πà‡∏≤‡∏¢‡∏Ñ‡πâ‡∏≤‡∏ô‡∏™‡∏ß‡∏∞
#‡∏ù‡πà‡∏≤‡∏¢‡∏Ñ‡πâ‡∏≤‡∏ô‡∏ö‡∏¥‡∏î‡πÄ‡∏ö‡∏∑‡∏≠‡∏ô
#‡πÄ‡∏ü‡∏Ñ‡∏ô‡∏¥‡∏ß‡∏™‡πå #Fakenews
#Fucknews
#save‡∏õ‡πâ‡∏≠‡∏á‡∏ì‡∏ß‡∏±‡∏í‡∏ô‡πå https://twitter.com/pookem/status/1228652908641570817¬†‚Ä¶",[],['https://twitter.com/pookem/status/1228652908641570817'],[],0,1,0,"['#‡∏™‡∏ß‡∏∞', '#‡∏õ‡∏•‡∏ß‡∏Å‡∏ô‡∏£‡∏Å', '#‡πÄ‡∏•‡∏ß', '#‡∏´‡∏ô‡∏±‡∏Å‡πÅ‡∏ú‡πà‡∏ô‡∏î‡∏¥‡∏ô', '#‡∏õ‡∏£‡∏∞‡πÄ‡∏ó‡∏®‡∏Å‡∏π‡∏°‡∏µ‡∏û‡∏ß‡∏Å‡∏´‡∏ô‡∏±‡∏Å‡πÅ‡∏ú‡πà‡∏ô‡∏î‡∏¥‡∏ô', '#‡∏¢‡∏∏‡∏ö‡∏û‡∏£‡∏£‡∏Ñ‡∏≠‡∏ô‡∏≤‡∏Ñ‡∏ï‡πÉ‡∏´‡∏°‡πà‡πÄ‡∏ñ‡∏≠‡∏∞‡∏à‡∏∞‡πÑ‡∏î‡πâ‡πÑ‡∏°‡πà‡πÄ‡∏õ‡πá‡∏ô‡∏°‡∏•‡∏†‡∏≤‡∏ß‡∏∞‡∏Ç‡∏≠‡∏á‡∏ä‡∏≤‡∏ï‡∏¥', '#‡∏¢‡∏∏‡∏ö‡∏û‡∏£‡∏£‡∏Ñ‡∏≠‡∏ô‡∏≤‡∏Ñ‡∏ï‡πÉ‡∏´‡∏°‡πà', '#‡∏≠‡∏ô‡∏≤‡∏Ñ‡∏ï‡πÉ‡∏´‡∏°‡πà‡πÄ‡∏´‡∏£‡∏≠2475', '#‡∏ä‡∏±‡∏á‡∏ä‡∏≤‡∏ï‡∏¥', '#‡∏ù‡πà‡∏≤‡∏¢‡∏Ñ‡πâ‡∏≤‡∏ô‡πÄ‡∏Æ‡∏á‡∏ã‡∏ß‡∏¢', '#‡∏ù‡πà‡∏≤‡∏¢‡∏Ñ‡πâ‡∏≤‡∏ô‡∏™‡∏ß‡∏∞', '#‡∏ù‡πà‡∏≤‡∏¢‡∏Ñ‡πâ‡∏≤‡∏ô‡∏ö‡∏¥‡∏î‡πÄ‡∏ö‡∏∑‡∏≠‡∏ô', '#‡πÄ‡∏ü‡∏Ñ‡∏ô‡∏¥‡∏ß‡∏™‡πå', '#fakenews', '#fucknews', '#save‡∏õ‡πâ‡∏≠‡∏á‡∏ì‡∏ß‡∏±‡∏í‡∏ô‡πå']",[],https://twitter.com/kyobangkokuha/status/1228754415793799169,False,https://twitter.com/pookem/status/1228652908641570817,0,,,,,,,"[{'user_id': '801458759918751746', 'username': 'kyobangkokuha'}]",,,,
1228753162217062401,1228753162217062401,1581792557000,2020-02-15,15:49:17,Hora oficial do Brasil,879782695294967808,yello777,Yell‚≠ï,,"Appel √† tous les r√©pandeurs de #fucknews,qui crachent leur fumier,  sur  les cha√Ænes de la tnt, que les citoyens payent un bras: cons-insultants, √©dito-cr√©tinistes,bref, collaborationnistes de mauvais-poils, j'aimerais un avis √©clair√©; cette violence, Why?
 https://twitter.com/AiphanMarcel/status/1228732905691676672?s=20¬†‚Ä¶",[],['https://twitter.com/AiphanMarcel/status/1228732905691676672?s=20'],[],0,1,1,['#fucknews'],[],https://twitter.com/Yello777/status/1228753162217062401,False,https://twitter.com/AiphanMarcel/status/1228732905691676672,0,,,,,,,"[{'user_id': '879782695294967808', 'username': 'Yello777'}]",,,,
1228752249637068800,1228752249637068800,1581792340000,2020-02-15,15:45:40,Hora oficial do Brasil,801458759918751746,kyobangkokuha,‡∏£‡∏±‡∏Å‡πÄ‡∏ò‡∏≠‡∏õ‡∏£‡∏∞‡πÄ‡∏ó‡∏®‡πÑ‡∏ó‡∏¢LoveThailand,,"üòÅ‡∏≠‡∏¥‡πÜ #‡∏™‡∏ß‡∏∞
#‡∏õ‡∏•‡∏ß‡∏Å‡∏ô‡∏£‡∏Å
#‡πÄ‡∏•‡∏ß #‡∏´‡∏ô‡∏±‡∏Å‡πÅ‡∏ú‡πà‡∏ô‡∏î‡∏¥‡∏ô
#‡∏õ‡∏£‡∏∞‡πÄ‡∏ó‡∏®‡∏Å‡∏π‡∏°‡∏µ‡∏û‡∏ß‡∏Å‡∏´‡∏ô‡∏±‡∏Å‡πÅ‡∏ú‡πà‡∏ô‡∏î‡∏¥‡∏ô
#‡∏¢‡∏∏‡∏ö‡∏û‡∏£‡∏£‡∏Ñ‡∏≠‡∏ô‡∏≤‡∏Ñ‡∏ï‡πÉ‡∏´‡∏°‡πà‡πÄ‡∏ñ‡∏≠‡∏∞‡∏à‡∏∞‡πÑ‡∏î‡πâ‡πÑ‡∏°‡πà‡πÄ‡∏õ‡πá‡∏ô‡∏°‡∏•‡∏†‡∏≤‡∏ß‡∏∞‡∏Ç‡∏≠‡∏á‡∏ä‡∏≤‡∏ï‡∏¥
#‡∏¢‡∏∏‡∏ö‡∏û‡∏£‡∏£‡∏Ñ‡∏≠‡∏ô‡∏≤‡∏Ñ‡∏ï‡πÉ‡∏´‡∏°‡πà ‡πÄ‡∏´‡∏£‡∏≠?2475‡πÄ‡∏ñ‡∏≠‡∏∞
#‡∏≠‡∏ô‡∏≤‡∏Ñ‡∏ï‡πÉ‡∏´‡∏°‡πà‡πÄ‡∏´‡∏£‡∏≠2475
#‡∏ä‡∏±‡∏á‡∏ä‡∏≤‡∏ï‡∏¥
#‡∏ù‡πà‡∏≤‡∏¢‡∏Ñ‡πâ‡∏≤‡∏ô‡πÄ‡∏Æ‡∏á‡∏ã‡∏ß‡∏¢
#‡∏ù‡πà‡∏≤‡∏¢‡∏Ñ‡πâ‡∏≤‡∏ô‡∏™‡∏ß‡∏∞
#‡∏ù‡πà‡∏≤‡∏¢‡∏Ñ‡πâ‡∏≤‡∏ô‡∏ö‡∏¥‡∏î‡πÄ‡∏ö‡∏∑‡∏≠‡∏ô
#‡πÄ‡∏ü‡∏Ñ‡∏ô‡∏¥‡∏ß‡∏™‡πå #Fakenews
#Fucknews
#save‡∏õ‡πâ‡∏≠‡∏á‡∏ì‡∏ß‡∏±‡∏í‡∏ô‡πå https://twitter.com/samhuahin/status/1228671503895392257¬†‚Ä¶",[],['https://twitter.com/samhuahin/status/1228671503895392257'],[],0,0,0,"['#‡∏™‡∏ß‡∏∞', '#‡∏õ‡∏•‡∏ß‡∏Å‡∏ô‡∏£‡∏Å', '#‡πÄ‡∏•‡∏ß', '#‡∏´‡∏ô‡∏±‡∏Å‡πÅ‡∏ú‡πà‡∏ô‡∏î‡∏¥‡∏ô', '#‡∏õ‡∏£‡∏∞‡πÄ‡∏ó‡∏®‡∏Å‡∏π‡∏°‡∏µ‡∏û‡∏ß‡∏Å‡∏´‡∏ô‡∏±‡∏Å‡πÅ‡∏ú‡πà‡∏ô‡∏î‡∏¥‡∏ô', '#‡∏¢‡∏∏‡∏ö‡∏û‡∏£‡∏£‡∏Ñ‡∏≠‡∏ô‡∏≤‡∏Ñ‡∏ï‡πÉ‡∏´‡∏°‡πà‡πÄ‡∏ñ‡∏≠‡∏∞‡∏à‡∏∞‡πÑ‡∏î‡πâ‡πÑ‡∏°‡πà‡πÄ‡∏õ‡πá‡∏ô‡∏°‡∏•‡∏†‡∏≤‡∏ß‡∏∞‡∏Ç‡∏≠‡∏á‡∏ä‡∏≤‡∏ï‡∏¥', '#‡∏¢‡∏∏‡∏ö‡∏û‡∏£‡∏£‡∏Ñ‡∏≠‡∏ô‡∏≤‡∏Ñ‡∏ï‡πÉ‡∏´‡∏°‡πà', '#‡∏≠‡∏ô‡∏≤‡∏Ñ‡∏ï‡πÉ‡∏´‡∏°‡πà‡πÄ‡∏´‡∏£‡∏≠2475', '#‡∏ä‡∏±‡∏á‡∏ä‡∏≤‡∏ï‡∏¥', '#‡∏ù‡πà‡∏≤‡∏¢‡∏Ñ‡πâ‡∏≤‡∏ô‡πÄ‡∏Æ‡∏á‡∏ã‡∏ß‡∏¢', '#‡∏ù‡πà‡∏≤‡∏¢‡∏Ñ‡πâ‡∏≤‡∏ô‡∏™‡∏ß‡∏∞', '#‡∏ù‡πà‡∏≤‡∏¢‡∏Ñ‡πâ‡∏≤‡∏ô‡∏ö‡∏¥‡∏î‡πÄ‡∏ö‡∏∑‡∏≠‡∏ô', '#‡πÄ‡∏ü‡∏Ñ‡∏ô‡∏¥‡∏ß‡∏™‡πå', '#fakenews', '#fucknews', '#save‡∏õ‡πâ‡∏≠‡∏á‡∏ì‡∏ß‡∏±‡∏í‡∏ô‡πå']",[],https://twitter.com/kyobangkokuha/status/1228752249637068800,False,https://twitter.com/samhuahin/status/1228671503895392257,0,,,,,,,"[{'user_id': '801458759918751746', 'username': 'kyobangkokuha'}]",,,,
1228696268207161344,1228696268207161344,1581778993000,2020-02-15,12:03:13,Hora oficial do Brasil,879782695294967808,yello777,Yell‚≠ï,,"Moi,citoyen, je demande que ""dudu"" et sa clique de √©ditoria-cra-cratistes, r√©pandeurs de #fucknews, influenceurs-a-lapetite-semaine, ces collaborationnistes,qui √©cument les plateaux,ces cumulards de la parole √©tatique, soient vir√©s de nos √©crans, possible?
 https://twitter.com/LCP/status/1228389319452364809?s=20¬†‚Ä¶",[],['https://twitter.com/LCP/status/1228389319452364809?s=20'],[],1,0,1,['#fucknews'],[],https://twitter.com/Yello777/status/1228696268207161344,False,https://twitter.com/LCP/status/1228389319452364809,0,,,,,,,"[{'user_id': '879782695294967808', 'username': 'Yello777'}]",,,,
1228644132479959040,1228644132479959040,1581766562000,2020-02-15,08:36:02,Hora oficial do Brasil,879782695294967808,yello777,Yell‚≠ï,,"Ceux qui crient ""ta√Øaut...ta√Øaut...ferme ta gueule, r√©pondit  l'cons"" sur les r√©seaux,  c'est parce que c'est un espace de libert√© ou tout-un-chacun peut s'exprimer. Contrairement aux m√©dias ou l'acc√®s est r√©serv√© aux r√©pandus de #fucknews. Vous capito? 
 https://twitter.com/Yello777/status/1228643089612525571?s=20¬†‚Ä¶",[],['https://twitter.com/Yello777/status/1228643089612525571?s=20'],[],1,0,0,['#fucknews'],[],https://twitter.com/Yello777/status/1228644132479959040,False,https://twitter.com/Yello777/status/1228643089612525571,0,,,,,,,"[{'user_id': '879782695294967808', 'username': 'Yello777'}]",,,,
1228634617676255234,1228634617676255234,1581764294000,2020-02-15,07:58:14,Hora oficial do Brasil,879782695294967808,yello777,Yell‚≠ï,,"Et pour finir, les trous-de-balle-de-golf, qui demandent la fin d'un anonymat - qui n'existe-pas - par ce biais, font un chantage √† la fin de la libert√© d'expression, une menace d√©guis√©e, en clair.  A tous ces chieurs de #fucknews, je l√®ve mon majeurüëä
 https://twitter.com/Yello777/status/1228633030803283968?s=20¬†‚Ä¶",[],['https://twitter.com/Yello777/status/1228633030803283968?s=20'],[],0,0,0,['#fucknews'],[],https://twitter.com/Yello777/status/1228634617676255234,False,https://twitter.com/Yello777/status/1228633030803283968,0,,,,,,,"[{'user_id': '879782695294967808', 'username': 'Yello777'}]",,,,
1228422453644451842,1228395142723272705,1581713710000,2020-02-14,17:55:10,Hora oficial do Brasil,2278071290,jiaiffert,Jiaiffert,,#FuckNews,['jdflaysakier'],[],[],0,0,0,['#fucknews'],[],https://twitter.com/jiaiffert/status/1228422453644451842,False,,0,,,,,,,"[{'user_id': '2278071290', 'username': 'jiaiffert'}, {'user_id': '117459814', 'username': 'jdflaysakier'}]",,,,
1228393460148973574,1228393460148973574,1581706798000,2020-02-14,15:59:58,Hora oficial do Brasil,879782695294967808,yello777,Yell‚≠ï,,"Autre #fucknews, qu'ils adorent r√©pandre: ""les r√©seaux sociaux seraient violents"" üòÇüòÇüòÇ les guignols! Qui a d√©j√† vu une s√©ance d'assembl√©e nationale? pr√©sid√©e par un justiciableüòïapr√®s  la violence des √©changes,les mots sont feutr√©s, mais la haine suinte!
 https://twitter.com/Yello777/status/1228391560464785409?s=20¬†‚Ä¶",[],['https://twitter.com/Yello777/status/1228391560464785409?s=20'],[],0,0,0,['#fucknews'],[],https://twitter.com/Yello777/status/1228393460148973574,False,https://twitter.com/Yello777/status/1228391560464785409,0,,,,,,,"[{'user_id': '879782695294967808', 'username': 'Yello777'}]",,,,
1228215087602655233,1228215087602655233,1581664270000,2020-02-14,04:11:10,Hora oficial do Brasil,1150807566391422977,emmanue24003933,Manny Peterson,,"Les fins strat√®ges politiques du Minist√®re de l'Int√©rieur songeraient-il √† donner des consignes pour consid√©rer valides les bulletins #Griveaux avec un phallus dessin√© dessus ?
#FakeNews #FuckNews #Humour #√áaSeGatePourGriveaux
#GriveauxGate",[],[],[],0,0,1,"['#griveaux', '#fakenews', '#fucknews', '#humour', '#√ßasegatepourgriveaux', '#griveauxgate']",[],https://twitter.com/Emmanue24003933/status/1228215087602655233,False,,0,,,,,,,"[{'user_id': '1150807566391422977', 'username': 'Emmanue24003933'}]",,,,
1227924270669418497,1227924270669418497,1581594934000,2020-02-13,08:55:34,Hora oficial do Brasil,801458759918751746,kyobangkokuha,‡∏£‡∏±‡∏Å‡πÄ‡∏ò‡∏≠‡∏õ‡∏£‡∏∞‡πÄ‡∏ó‡∏®‡πÑ‡∏ó‡∏¢LoveThailand,,"‡πÅ‡∏â !!! ‡πÄ‡∏ö‡∏∑‡πâ‡∏≠‡∏á‡∏´‡∏•‡∏±‡∏á #‡πÑ‡∏≠‡πâ‡∏Æ‡∏≤‡∏£‡πå‡∏ó ‡∏ô‡∏±‡∏Å‡∏î‡∏ô‡∏ï‡∏£‡∏µ‡∏´‡∏±‡∏ß‡πÉ‡∏à‡∏™‡∏µ‡πÅ‡∏î‡∏á ‡πÅ‡∏≠‡πä‡∏ö‡πÄ‡∏ä‡∏µ‡∏¢‡∏£‡πå ‡∏£‡∏ö.‡πÇ‡∏Å‡∏á‡∏ä‡∏≤‡∏ï‡∏¥ #‡πÑ‡∏≠‡πâ‡πÅ‡∏°‡πâ‡∏ß #‡∏≠‡∏µ‡∏õ‡∏π #‡∏û‡∏ß‡∏Å‡πÄ‡∏ú‡∏≤‡πÄ‡∏°‡∏∑‡∏≠‡∏á ‡∏°‡∏≤‡∏ô‡∏≤‡∏ô‡πÅ‡∏•‡πâ‡∏ß ‡πÑ‡∏°‡πà‡∏ï‡πâ‡∏≠‡∏á‡πÅ‡∏õ‡∏•‡∏Å‡πÉ‡∏à‡∏ó‡∏≥‡πÑ‡∏°‡∏°‡∏±‡∏ô‡∏ñ‡∏∂‡∏á‡πÇ‡∏¢‡∏á‡πÄ‡∏£‡∏∑‡πà‡∏≠‡∏á #‡∏Å‡∏£‡∏≤‡∏î‡∏¢‡∏¥‡∏á‡πÇ‡∏Ñ‡∏£‡∏≤‡∏ä ‡∏°‡∏≤‡∏õ‡∏ô‡∏Å‡∏≤‡∏£‡πÄ‡∏°‡∏∑‡∏≠‡∏á
#‡∏≠‡∏µ‡πÇ‡∏á‡πà #‡∏ù‡πà‡∏≤‡∏¢‡∏Ñ‡πâ‡∏≤‡∏ô‡πÄ‡∏Æ‡∏á‡∏ã‡∏ß‡∏¢ #‡∏ù‡πà‡∏≤‡∏¢‡∏Ñ‡πâ‡∏≤‡∏ô‡∏ö‡∏¥‡∏î‡πÄ‡∏ö‡∏∑‡∏≠‡∏ô #‡∏ï‡∏≠‡πÅ‡∏´‡∏•‡πÄ‡∏Å‡πà‡∏á
#fucknews #FakeNews pic.twitter.com/63OITrWfJg",[],[],['https://pbs.twimg.com/media/EQp2nJYUcAEytsP.jpg'],0,3,2,"['#‡πÑ‡∏≠‡πâ‡∏Æ‡∏≤‡∏£‡πå‡∏ó', '#‡πÑ‡∏≠‡πâ‡πÅ‡∏°‡πâ‡∏ß', '#‡∏≠‡∏µ‡∏õ‡∏π', '#‡∏û‡∏ß‡∏Å‡πÄ‡∏ú‡∏≤‡πÄ‡∏°‡∏∑‡∏≠‡∏á', '#‡∏Å‡∏£‡∏≤‡∏î‡∏¢‡∏¥‡∏á‡πÇ‡∏Ñ‡∏£‡∏≤‡∏ä', '#‡∏≠‡∏µ‡πÇ‡∏á‡πà', '#‡∏ù‡πà‡∏≤‡∏¢‡∏Ñ‡πâ‡∏≤‡∏ô‡πÄ‡∏Æ‡∏á‡∏ã‡∏ß‡∏¢', '#‡∏ù‡πà‡∏≤‡∏¢‡∏Ñ‡πâ‡∏≤‡∏ô‡∏ö‡∏¥‡∏î‡πÄ‡∏ö‡∏∑‡∏≠‡∏ô', '#‡∏ï‡∏≠‡πÅ‡∏´‡∏•‡πÄ‡∏Å‡πà‡∏á', '#fucknews', '#fakenews']",[],https://twitter.com/kyobangkokuha/status/1227924270669418497,False,,0,,,,,,,"[{'user_id': '801458759918751746', 'username': 'kyobangkokuha'}]",,,,
1227864084751634432,1227864084751634432,1581580585000,2020-02-13,04:56:25,Hora oficial do Brasil,801458759918751746,kyobangkokuha,‡∏£‡∏±‡∏Å‡πÄ‡∏ò‡∏≠‡∏õ‡∏£‡∏∞‡πÄ‡∏ó‡∏®‡πÑ‡∏ó‡∏¢LoveThailand,,"‡∏õ‡∏£‡∏∞‡∏ò‡∏≤‡∏ô‡∏≠‡∏á‡∏Ñ‡∏°‡∏ô‡∏ï‡∏£‡∏µ‡∏Ñ‡∏ô‡∏Å‡πà‡∏≠‡∏ô 
‡∏´‡∏•‡∏±‡∏á‡∏ó‡πà‡∏≤‡∏ô‡πÄ‡∏™‡∏µ‡∏¢‡∏ä‡∏µ‡∏ß‡∏¥‡∏ï‡πÑ‡∏õ ‡∏Å‡πá‡∏°‡∏≠‡∏ö‡∏ó‡∏£‡∏±‡∏û‡∏¢‡πå‡∏™‡∏¥‡∏ô‡∏ó‡∏±‡πâ‡∏á‡∏´‡∏°‡∏î‡πÉ‡∏´‡πâ‡∏Å‡∏≤‡∏£‡∏Å‡∏∏‡∏®‡∏•
‡∏ó‡πà‡∏≤‡∏ô‡∏ï‡∏±‡πâ‡∏á‡∏°‡∏π‡∏•‡∏ô‡∏¥‡∏ò‡∏¥ ‡πÉ‡∏´‡πâ‡∏ó‡∏∏‡∏ô‡∏Å‡∏≤‡∏£‡∏®‡∏∂‡∏Å‡∏©‡∏≤‡πÄ‡∏î‡πá‡∏Å‡πÅ‡∏•‡∏∞‡πÄ‡∏¢‡∏≤‡∏ß‡∏ä‡∏ô‡∏°‡∏≤‡∏ô‡∏±‡∏Å‡∏ï‡πà‡∏≠‡∏ô‡∏±‡∏Å 

‡∏î‡∏£.‡∏ú‡∏±‡∏Å‡∏ï‡∏ö ‡∏¢‡∏±‡∏á‡∏à‡∏∞‡∏°‡∏µ‡∏õ‡∏±‡∏ç‡∏´‡∏≤‡∏≠‡∏∞‡πÑ‡∏£‡∏Å‡∏±‡∏ö‡∏ö‡πâ‡∏≤‡∏ô‡∏õ‡∏£‡∏∞‡∏ò‡∏≤‡∏ô‡∏≠‡∏á‡∏Ñ‡∏°‡∏ô‡∏ï‡∏£‡∏µ ‡∏≠‡∏µ‡∏Å‡πÄ‡∏´‡∏£‡∏≠‡∏Ñ‡∏£‡∏±‡∏ö

#‡∏≠‡∏µ‡πÇ‡∏á‡πà #‡∏ù‡πà‡∏≤‡∏¢‡∏Ñ‡πâ‡∏≤‡∏ô‡πÄ‡∏Æ‡∏á‡∏ã‡∏ß‡∏¢ #‡∏ù‡πà‡∏≤‡∏¢‡∏Ñ‡πâ‡∏≤‡∏ô‡∏ö‡∏¥‡∏î‡πÄ‡∏ö‡∏∑‡∏≠‡∏ô #Fucknews #Fakenews pic.twitter.com/daywewN87y",[],[],['https://pbs.twimg.com/media/EQo_34FU8AAMWhf.jpg'],0,3,0,"['#‡∏≠‡∏µ‡πÇ‡∏á‡πà', '#‡∏ù‡πà‡∏≤‡∏¢‡∏Ñ‡πâ‡∏≤‡∏ô‡πÄ‡∏Æ‡∏á‡∏ã‡∏ß‡∏¢', '#‡∏ù‡πà‡∏≤‡∏¢‡∏Ñ‡πâ‡∏≤‡∏ô‡∏ö‡∏¥‡∏î‡πÄ‡∏ö‡∏∑‡∏≠‡∏ô', '#fucknews', '#fakenews']",[],https://twitter.com/kyobangkokuha/status/1227864084751634432,False,,0,,,,,,,"[{'user_id': '801458759918751746', 'username': 'kyobangkokuha'}]",,,,
1227592844799508480,1227583801158701059,1581515916000,2020-02-12,10:58:36,Hora oficial do Brasil,2750058415,worldjoerock,Joe Rock,,"The enabler of Impeached Trump! What a liar! 
Money and power grabbers - you can only moan via @FoxNews renamed #FuckNews. Anti - constitution of United States.

 https://twitter.com/GOPLeader/status/1227583801158701059?s=20¬†‚Ä¶","['gopleader', 'foxnews']",['https://twitter.com/GOPLeader/status/1227583801158701059?s=20'],[],0,0,0,['#fucknews'],[],https://twitter.com/worldjoerock/status/1227592844799508480,False,https://twitter.com/GOPLeader/status/1227583801158701059,0,,,,,,,"[{'user_id': '2750058415', 'username': 'worldjoerock'}, {'user_id': '19739126', 'username': 'GOPLeader'}, {'user_id': '1367531', 'username': 'FoxNews'}]",,,,
1227384701599584256,1227380580888842242,1581466291000,2020-02-11,21:11:31,Hora oficial do Brasil,1120490292447256576,andr4038,Andr√©,,#Fucknews,['camposmello'],[],[],0,0,3,['#fucknews'],[],https://twitter.com/Andr4038/status/1227384701599584256,False,,0,,,,,,,"[{'user_id': '1120490292447256576', 'username': 'Andr4038'}, {'user_id': '36714704', 'username': 'camposmello'}]",,,,
